use Dominosspizza;

   
INSERT INTO Customer VALUES
('001', 'Rober', 'Downey', '3655 Seaside Dr', 'San Fransico', 'CA', '94132', '646-567-0099', '646-389-4509', 'Rdownjr@gmail.com', 'dw34!@lc1209cd13#!nms&1'),
('002',    'Chris', 'Evans',    '202  capital hill', 'San Fransico', 'CA', '94132',    '929-543-8766',    'NULL',    'ChrisEv@aol.com', 's34ped!id!&elods$dmey'),
('003',    'Mark',    'Ruffalo',    '2827 Harris Ave',    'Seattle',    'WA',    '98101',    '817-456-0975',    '305-184-6933',    'markR@aol.com',    'roro23!$da!3C309!&sm2!'),
('004',    'Scarlett',    'johansson', '1415 Rose St', 'San Fransico', 'CA',    '94132',    '205-654-3298',    'NULL',    'Sjohansson@outlook.com',    'I3$R2$Omh3Npl3A!mnd3!N'),
('005',    'Don',    'Cheadle',    '2827 Harris Ave',    'Seattle',    'WA',    '98101',    '303-459-2311',    '347-098-4599',    'DonC@aol.com',    'Cap$R2$t3al45Ac!md$%nain'),
('006',    'Brie',    'Larson',    '1707 George St',    'Sacramento', 'CA',    '94132',    '929-902-5644',    '929-210-3387', 'BrieLar@aol.com',    'L90emn$!odbhdCap3Eio!$00'),
('007',    'Zoe',    'Saldana',    '22 Hilton Haven Drive',    'Seattle', 'WA',    '98101',    '213-219-3458',    'NULL',    'ZoeSal@gmail.com',    'Je45ear!$lo67hjop2FFisi!&$78'),
('008',    'Jeremy', 'Renner',    '1510 18th St',    'Sacramento',    'CA',    '94132',    '646-765-4309',    'NULL',    'JeremyR@gmail.com',    'J821ch!88odclok3hun!$7c1'),
('009',    'Chris', 'Pratt',    '408 Porter Ln', 'Seattle',    'WA', '98102',    '313-409-6743',    'NULL', 'ChrisPratt@gmail.com',    'za5678#oicePi390nevamind'),
('010',    'Amy',    'Poehler',    '3213 Eagle Ave', 'Seattle', 'WA',    '98102',    '203-198-5300',    'NULL',    'AmyPoe@gmail.com',    'Ma67$!c390AL5600IMc2'),
('011',    'Nick',    'Offerman',    '1500 White St', 'Seattle',    'WA',    '98102',    '929-829-7923',    'NULL',    'NickOffer@hotmail.com',    'Ke$kno32ingccc3$$%hango2'),
('012',    'Aziz',    'Ansari',    '49 First St',    'Seattle',    'WA',    '98102',    '201-609-9997',    'NULL',    'AzizAns@gmail.com',    'D$390Can#903&0$Telod!ma'),
('013',    'Aubrey', 'Plaza',    '20 Seawave Road',    'Seattle',    'WA',    '98102',    '646-299-8766',    'NULL',    'Aplaza@gmail.com',    'loZm%$dalokdnkj$!llionk'),
('014',    'Regina', 'King',    '1026 Von Phister St',    'Sacramento',    'CA',    '94203',    '502-777-9082',    '405-689-4299',    'ReginaK@hotmail.com',    'Smlhjcbgehbehk3459$!ok'),
('015',    'John',    'Witherspoon',    '1500 White St',    'Sacramento',    'CA',    '94203',    '646-154-4098',    '201-539-7713',    'JohnWi@aol.com',    'Anjlp$gy&lawnjh3ren35$!@'),
('016',    'Cedric', 'Yarbrough',    '827 Eisenhower Dr', 'Sacramento',    'CA',    '94203',    '646-889-3090',    '929-234-1735',    'cedricYar@aol.com',    'kl!$EnT5089ang323i$512!'),
('017',    'Gary',    'Williams',    '1724 Bahama Dr',    'Sacramento',    'CA',    '94203',    '929-490-6002',    '705-145-6004',    'garywill@gmail.com',    'gc3470bbclse!@plaswedj54'),
('018',    'Jonathan',    'Kite',    '28 Seaside South St',    'San Fransico',    'CA',    '94132',    '303-765-2220',    '646-454-6321',    'JonaKite@aol.com',    'jk476bdfghlpn21!@lokdink3'),
('019',    'Garrett',    'Morris', '32 Hilton Haven drive',    'San Fransico',    'CA',    '94132',    '203-333-3465',    '403-333-2642',    'Garrmor@hotmail.com',    'g3arnmk7@!c43fed398s25'),
('020',    'Kat',    'Dennings',    '395 South Drive',    'San Fransico',    'CA',    '94132',    '201-390-8442',    'NULL',    'katdennin@gmail.com',    'mk42097cfrhj@!cfedh!lls3'),
('021',    'Beth',    'Behrs',    '604 west 3rd ave',    'San Fransico',    'CA',    '94132',    '929-765-0025',    'NULL',    'BethBehrs@gmail.com',    'Blok3410984vvxdj@@mn'),
('022', 'Istiaque', 'Ferdous', '1439 east ave', 'Bronx', 'NY', '10462', '646-626-9886', 'NULL', 'himel002@gmail.com', 'istiaque877420');
#istiaque ferdous customers values
INSERT INTO Store VALUES
('0001',    'Dominos Pizza',    '2665 Geneva Ave',    'Daly City',    'CA',    '94014',    '(415) 988-7407'),
('0002',    'Dominos Pizza',    '7385 Greenhaven Dr',    'Sacramento',    'CA',    '95831',    '(916) 504-4000'),
('0003',    'Dominos Pizza',    '1719 22nd Ave',    'Seattle',    'WA',    '98122',    '(206) 712-1504');
#istiaque ferdous store values
INSERT INTO Employee VALUES
('100',    'Denzel',    'Washington',    '0001'),
('101',    'Keri',    'Russel',    '0003'),
('102',    'Ken',    'Jeong',    '0001'),
('103',    'Danny',    'Trejo',    '0002'),
('104',    'Zendaya',    'Stoermer',    '0002'),
('105',    'Zachary',    'Quinto',    '0003'),
('106',    'Jennifer',    'Lawrence',    '0002'),
('107',    'Mark', 'Hamill',    '0003'),
('108',    'Carrie',    'Fisher',    '0003'),
('109',    'Adam',    'Sandler',    '0001'),
('110',    'Leonard',    'Nimoy',    '0003');
#inster into employee values
INSERT INTO Appetizer VALUES
('BuffaloCh1',    'Hot Buffalo Chicken Wings',    '14.99'),
('Cribtw',    'Crispy chicken bacon and tomato wings',     '14.99'),
('HonBBQ2',    'Honey BBQ Wings',    '12.99'),
('StuffB1',    'Stuff cheesy Bread',    '9.99'),
('ParmB2',    'Parmesan Bread Bites',    '8.99'),
('CinnB2',    'Cinnamon Bread Twists',    '9.99'),
('StuffB2',    'Stuff cheesy bread with bacon & Jalapeno',    '11.99'),
('Chocrca',    'Chocolate Lava Crunch Cake',    '9.99'),
('CC2L',    'Coke 2 liter soda',    '3'),
('SP2L',    'Sprite 2 liter soda',    '3'),
('DBW12',    'Dasani 12 bottle water',    '8' ),
('LM2L',    'Lemonade 2 liter soda', '3'),
('FO2L',    'Fanta Orange 2 liter soda',    '3');
#istiaque ferdous insert into apetizer values
INSERT INTO Pizza VALUES
('0001',    'Chicken Taco',    '14.99',    'Large'),
('0002',    'Cheese Burger',    '14.99',    'Large'),
('0003',    'Honolulu Hawaiian',    '12.99',    'Large'),
('0004',    'Pacific Veggie',    '12.99',    'Large'),
('0005',    'Ultimate Pepperoni',    '10.99',    'Medium'),
('0006',    'Spinach & Feta',    '15.99',    'Large'),
('0007',    'MeatZZA',    '14.99',    'Large'),
('0008',    'ExtravaganZZa',    '14.99',    'Medium'),
('0009',    'Cheese',     '7.99',    'Medium'),
('0010',    'Extra Cheese',    '8.99',    'Medium'),
('0011',    'Cheeseless',     '7.99',    'Medium'),
('0012',    'Sausage',     '7.99',    'Medium'),
('0013',    'Philly Cheese Steak',    '12.99',    'Large'),
('0014',    'Deluxe',    '12.99',    'Large');
#insert into pizza values istiaque ferdous
INSERT INTO Orders VALUES
('0000000001', '2020-11-06', '2020-11-06', 'Placed', '100', '001', 'BuffaloCh1', '7', '0001', '3', '149.90'),
('0000000002', '2020-11-06', '2020-11-06', 'Placed', '110', '002', 'Cribtw', '2', '0002', '2', '59.96'),
('0000000003', '2020-11-06', '2020-11-07', 'Placed', '109', '021', 'HonBBQ2', '1', '0003', '2', '51.96'),
('0000000004', '2020-11-07', 'NULL', 'Cancelled', 'NULL', '004', 'CC2L', '9', '0004', '9', '0.00'),
('0000000005', '2020-11-07', '2020-11-07', 'Placed', '103', '009', 'StuffB1', '2', '0005', '3', '74.93'),
('0000000006', '2020-11-07', '2020-11-07', 'Placed', '103', '010', 'ParmB2', '2', '0006', '2', '49.96'),
('0000000007', '2020-11-08', '2020-11-08 ', 'Placed', '105', '011', 'CinnB2', '2', '0007', '3', '64.95'),
('0000000008', '2020-11-08', '2020-11-09', 'Placed', '106', '012', 'StuffB2', '2', '0008', '8', '143.90'),
('0000000009', '2020-11-08', '2020-11-10', 'Placed', '107', '013', 'Chocrca', '1', '0009', '3', '33.96'),
('0000000010', '2020-11-08', '2020-11-08', 'Placed', 'NULL', '014', 'CC2L', '3', '0010', '5', '53.95'),
('0000000011', '2020-11-09', '2020-11-09', 'Placed', 'NULL', '015', 'SP2L', '4', '0010', '5', '56.95'),
('0000000012', '2020-11-09', 'NULL', 'Cancelled', 'NULL', '001', 'SP2L', '10', '0011', '10', '0.00'),
('0000000013', '2020-11-09', 'NULL', 'Cancelled', 'NULL', '016', 'SP2L', '9', '0011', '7', '0.00'),
('0000000014', '2020-11-10', '2020-11-13', 'Placed', 'NULL', '020', 'BuffaloCh1', '2', '0012', '3', '53.95'),
('0000000015', '2020-11-10', '2020-11-13', 'Placed', '101', '017', 'Cribtw', '4', '0013', '2', '85.94'),
('0000000016', '2020-11-11', '2020-11-13', 'Placed', '107', '018', 'HonBBQ2', '3', '0014', '2', '64.95'),
('0000000017', '2020-11-11', '2020-11-13', 'Placed', '106', '019', 'BuffaloCh1', '6', '0004', '4', '141.90'),
('0000000018', '2020-11-12', '2020-11-13', 'Placed', '110', '020', 'Cribtw', '2', '0006', '2', '61.96'),
('0000000019', '2020-11-12', '2020-11-13', 'Placed', '105', '021', 'HonBBQ2', '3', '0007', '2', '68.95'),
('0000000020', '2020-11-13', '2020-11-13', 'Placed', '109', '005', 'StuffB1', '3', '0009', '5', '69.92'),
('0000000021', '2020-11-13', '2020-11-14', 'Placed', 'NULL', '006', 'StuffB1', '2', '0010', '3', '46.95'),
('0000000022', '2020-11-13', '2020-11-14', 'Placed', 'NULL', '007', 'CinnB2', '2', '0001', '2', '49.96'),
('0000000023', '2020-11-14', '2020-11-14', 'Placed', '110', '008', 'StuffB2', '2', '0002', '2', '53.96'),
('0000000024', '2020-11-14', '2020-11-14', 'Placed', '105', '009', 'Chocrca', '1', '0003', '2', '35.97'),
('0000000025', '2020-11-14', 'NULL', 'Cancelled', '105', '010', 'Chocrca', '4', '0011', '4', '0.00'),
('0000000026', '2020-11-14', '2020-11-14', 'Placed', '109', '011', 'Cribtw', '3', '0004', '2', '74.95'),
('0000000027', '2020-11-14', '2020-11-14', 'Placed', '110', '012', 'HonBBQ2', '2', '0005', '3', '58.95'),
('0000000028', '2020-11-14', '2020-11-14', 'Placed', '100', '013', 'StuffB1', '2', '0008', '2', '49.96'),
('0000000029', '2020-11-14', '2020-11-14', 'Placed', '106', '014', 'LM2L', '4', '0009', '3', '35.97'),
('0000000030', '2020-11-14', '2020-11-14', 'Placed', '100', '015', 'CC2L', '5', '0010', '10', '107.90');
#insert in to orders values istiaque ferdous

